<?xml version="1.0" ?>
<manifest identifier="r5xRpIKtjI3kZf4-Uxuow9gKVLXCu7MnHA_sKQkD" version="1"
  xmlns="http://www.imsproject.org/xsd/imscp_rootv1p1p2"
  xmlns:adlcp="http://www.adlnet.org/xsd/adlcp_rootv1p2"
  xmlns:xsi="http://www.w3.org/2001/XMLSchema-instance"
  xsi:schemaLocation="http://www.imsproject.org/xsd/imscp_rootv1p1p2 imscp_rootv1p1p2.xsd
                      http://www.adlnet.org/xsd/adlcp_rootv1p2 adlcp_rootv1p2.xsd">
  <metadata>
    <schema>ADL SCORM</schema>
    <schemaversion>1.2</schemaversion>
    <adlcp:location>metadata.xml</adlcp:location>
  </metadata>
  <organizations default="articulate_rise">
      <organization identifier="articulate_rise">
      <title>Exploring the Fundamentals of Project Management</title>
      <item identifier="i1" identifierref="r1" isvisible="true">
        <title>Exploring the Fundamentals of Project Management</title>
        <adlcp:datafromlms>eyJjcHYiOiJIQV9zS1FrRCIsInJsZCI6ZmFsc2V9</adlcp:datafromlms>
      </item>
    </organization>
  </organizations>
  <resources>
    <resource identifier="r1" type="webcontent" adlcp:scormtype="sco" href="scormdriver/indexAPI.html">
      <!-- SCORMDRIVER STUFF -->
      <file href="scormdriver/indexAPI.html" />
      <file href="scormdriver/preloadIntegrity.js" />
      <file href="scormdriver/driverOptions.js" />
      <file href="scormdriver/AICCComm.html" />
      <file href="scormdriver/auto-scripts/AutoBookmark.js" />
      <file href="scormdriver/auto-scripts/AutoCompleteSCO.js" />
      <file href="scormdriver/auto-scripts/CourseExit.js" />
      <file href="scormdriver/blank.html" />
      <file href="scormdriver/goodbye.html" />
      <file href="scormdriver/scormdriver.js" />
      <file href="scormdriver/browsersniff.js" />

      <!-- RUNTIME COMMON STUFF -->
      <file href="scormcontent/index.html" />

      
        <file href="scormcontent/lib/fonts/icomoon.ttf"/>
        <file href="scormcontent/lib/fonts/icomoon.woff"/>

        <file href="scormcontent/lib/icomoon.css"/>
        <file href="scormcontent/lib/player-0.0.11.min.js"/>
        <file href="scormcontent/lib/lzwcompress.js"/>
      

      <!-- FRONTEND BUNDLE ASSETS -->
      <file href="scormcontent/lib/rise/b7f56c69.js" />
<file href="scormcontent/lib/rise/2b0e445c.css" />
<file href="scormcontent/lib/rise/65d40813.js" />
<file href="scormcontent/lib/rise/91723dca.css" />
<file href="scormcontent/lib/rise/5c42899a.js" />
<file href="scormcontent/lib/rise/5ce3f37c.js" />
<file href="scormcontent/lib/rise/99fbc683.js" />
<file href="scormcontent/lib/rise/e8c73cc3.js" />
<file href="scormcontent/lib/rise/4dcd8751.js" />
<file href="scormcontent/lib/rise/ab37ceec.js" />
<file href="scormcontent/lib/mondrian/entry.js" />
<file href="scormcontent/lib/mondrian/f29f3d92.js" />
<file href="scormcontent/lib/mondrian/dc2987fd.js" />
<file href="scormcontent/lib/mondrian/215fe725.js" />
<file href="scormcontent/lib/mondrian/c16e7dd3.js" />
<file href="scormcontent/lib/mondrian/6eb617eb.js" />
<file href="scormcontent/lib/mondrian/dbdbe00a.js" />
<file href="scormcontent/lib/mondrian/5ebb90af.js" />
<file href="scormcontent/lib/mondrian/825dd797.js" />
<file href="scormcontent/lib/mondrian/beccd965.js" />
<file href="scormcontent/lib/mondrian/56ae9b9c.js" />


      <!-- RUNTIME CONTENT STUFF -->
      <file href="scormcontent/lib/fonts/Inter-Medium.woff" />
<file href="scormcontent/lib/fonts/Inter-Black.woff" />
<file href="scormcontent/lib/fonts/Inter-Bold.woff" />
<file href="scormcontent/lib/fonts/Inter-Regular.woff" />
<file href="scormcontent/lib/fonts/Inter-Light.woff" />
<file href="scormcontent/assets/small.png" />
<file href="scormcontent/assets/dO_H7BIJJnCmycZ7.jpg" />
<file href="scormcontent/assets/stock-image.jpg" />
<file href="scormcontent/assets/YlHINN/stock-image.jpg" />
<file href="scormcontent/assets/yjkV3F/stock-image.jpg" />
<file href="scormcontent/assets/MiE-Mg/stock-image.jpg" />
<file href="scormcontent/assets/LIFE-CYCLE-01.jpg" />
<file href="scormcontent/assets/CYCLER-01%20%281%29.jpg" />
<file href="scormcontent/assets/ccc41744-80ec-494b-a267-e5d9e5615d41.jpg" />
<file href="scormcontent/assets/5_Effective_Time_Management_Strategies_for_Recruiters1.jpg" />
<file href="scormcontent/assets/1-4.jpg" />
<file href="scormcontent/assets/business-people-showing-document-client_1262-19209.jpg" />
<file href="scormcontent/assets/risk-management-concept-illustration_114360-6957.jpg" />
<file href="scormcontent/assets/Untitled%20design-4.jpg" />
<file href="scormcontent/assets/Resource-Management.jpg" />
<file href="scormcontent/assets/quote_background.jpg" />
<file href="scormcontent/assets/franklin.jpg" />

      <file href="scormcontent/locales/und.js" />

    </resource>
  </resources>
</manifest>
